offset,source,prediction,reason
0814A4,Ngoat kep,Ngoài kép,model word mismatch
081520,Kenh mat,Bệnh mật,model word mismatch
082548,Ngoat kep,Ngoài kép,model word mismatch
0827E0,LUONG /,LƯNG /,model word mismatch
082814,DO XA,ĐỒA,model word mismatch
082870,TANG SI KHI,TỔNG SI KHÍ,model word mismatch
08289C,BAO TUYT,BẢO TỤC,model word mismatch
295B04,Co muon nghe loi khuyend,Cô muốn nghe lời khuyênend,model word mismatch
29DCF0,Ban muon nghe lai ve cang?,Bạn muốn nghe lại về đâu?,model word mismatch
2BCB18,Suc manh cua Olaf qua dang nhi?,Sức mạnh của Olaf quá đáng nhẽ?,model word mismatch
2C4D98,Toi se bat han noi tai sao han cu duoi theo toi!,Tôi sẽ bất tận nơi tại sao hạn cứ đuổi theo tôi!,model word mismatch
2C62B4,No dau the len ke hoach nhu vay. No chi la nhoc ma!,Nó đầu thế lên kế hoạch như vậy. Nó chỉ là nhục mạ!,model word mismatch
2C9D58,"Dung tiu nghiu the, Olaf.","Dung tiu nghịch thế, Olaf.",model word mismatch
2EAC58,"Hai tac vui ve, vo tu. Bien ca Do cao ""Cham lai, ban oi. Voi gi?""","Hải tặc vui vẻ, vô tư. Biên cả Độ cao ""Chạm lại, bẩn thỉu. Với gì?""",model word mismatch
2F9F40,Grit... anh hay goi toi la nhoc do a?,Grit... anh hay gọi tôi là tốc độ a?,model word mismatch
3058C4,"Neu khong chan ke bi an som, Eagle co the...","Nếu không chán ngán bị ăn sớm, Eagle có thể...",model word mismatch
3B9F1C,Bat ON de dung ky nang CO.,Bắt Ôđ Ổ để dùng kỹ năng CO.,model word mismatch
3D9284,DA NOI,ĐẬN NỘI,model word mismatch
